"Time (s)","Latitude (°)","Longitude (°)","Height (m)","Velocity (m/s)","Direction (°)","Horizontal Accuracy (m)","Vertical Accuracy (°)"
4.916071892E-3,6.505446352E1,2.546018390E1,1.515747902E1,NaN,NaN,2.003822448E1,3.000001022E1
4.220941067E-1,6.505450931E1,2.545991502E1,1.474184031E1,NaN,NaN,1.809424633E1,3.000000409E1
2.526472092E0,6.505454380E1,2.545994721E1,1.497401096E1,NaN,NaN,1.973956820E1,3.000000164E1
5.294243455E0,6.505419908E1,2.546016497E1,1.340116870E1,5.045750141E-1,0.000000000E0,7.695231540E0,1.117786217E1
6.333238363E0,6.505418894E1,2.546017043E1,1.386470128E1,7.841571569E-1,0.000000000E0,6.711964987E0,9.618338585E0
7.333233356E0,6.505418932E1,2.546017864E1,1.452452466E1,7.695914507E-1,2.648039206E2,5.714496560E0,7.706480503E0
8.333227634E0,6.505418725E1,2.546017433E1,1.438768697E1,7.695914507E-1,2.598729612E2,5.180460183E0,7.029570580E0
9.334002972E0,6.505418804E1,2.546016428E1,1.457330867E1,6.898020506E-1,2.652989727E2,4.866764950E0,6.526275635E0
1.033400786E1,6.505418647E1,2.546014922E1,1.496320348E1,6.681918502E-1,2.652989727E2,4.663376506E0,5.744637489E0
1.133400178E1,6.505418369E1,2.546013425E1,1.544951323E1,6.795866489E-1,2.652989727E2,4.442460868E0,5.149671555E0
1.233400559E1,6.505417920E1,2.546011477E1,1.566102489E1,7.347307801E-1,2.652989727E2,4.104535558E0,4.804920197E0
1.333400750E1,6.505417544E1,2.546009671E1,1.541070570E1,7.347307801E-1,2.458711007E2,3.551234708E0,4.630559921E0
1.433400178E1,6.505417116E1,2.546007804E1,1.514984850E1,8.064773679E-1,2.441902458E2,3.749906556E0,4.606490135E0
1.533400333E1,6.505416801E1,2.546006261E1,1.515019766E1,8.064773679E-1,2.441902318E2,4.748651530E0,5.833376407E0
1.633400440E1,6.505416250E1,2.546004415E1,1.511216776E1,8.838920593E-1,2.382550155E2,4.748651530E0,5.559866634E0
1.733399451E1,6.505415666E1,2.546001871E1,1.507121438E1,9.913536310E-1,2.424102269E2,4.748651530E0,5.107836704E0
1.833399367E1,6.505415175E1,2.545998806E1,1.505903990E1,9.913536310E-1,2.500715398E2,4.941370403E0,4.940164089E0
1.933399403E1,6.505415051E1,2.545995609E1,1.509006110E1,1.023406744E0,2.627254199E2,5.265913473E0,5.052850246E0
2.033398449E1,6.505414576E1,2.545993152E1,1.521014659E1,1.044129848E0,2.537601411E2,5.550063481E0,5.167354107E0
2.133398366E1,6.505414237E1,2.545990432E1,1.525023088E1,1.138862967E0,2.584859468E2,5.734675482E0,5.298749447E0
2.233398294E1,6.505414001E1,2.545988077E1,1.531191893E1,1.164253354E0,2.611608941E2,5.965907484E0,5.441845894E0
2.333397245E1,6.505413941E1,2.545984543E1,1.515969410E1,1.164253354E0,2.615006823E2,6.164897422E0,5.579558849E0
2.433396196E1,6.505413511E1,2.545981545E1,1.513258605E1,1.206294775E0,2.567339749E2,6.279791080E0,5.719021797E0
2.533395267E1,6.505412814E1,2.545978109E1,1.501544869E1,1.245054126E0,2.508184573E2,6.436171995E0,5.856510639E0
2.633394241E1,6.505412075E1,2.545974978E1,1.478008130E1,1.286022663E0,2.446223558E2,6.026993347E0,5.569757462E0
2.733393371E1,6.505411466E1,2.545972330E1,1.463580627E1,1.286022663E0,2.420617184E2,5.542592826E0,5.388799191E0
2.833392513E1,6.505410996E1,2.545970036E1,1.447403343E1,1.286022663E0,2.396233960E2,5.468155705E0,5.271621227E0
2.933391631E1,6.505410079E1,2.545967730E1,1.448873991E1,1.298997641E0,2.331723930E2,5.122988533E0,5.172084332E0
3.033390737E1,6.505409103E1,2.545966290E1,1.435172369E1,1.298997641E0,2.192033216E2,4.807294581E0,5.117501259E0
3.133389974E1,6.505408199E1,2.545965631E1,1.441459860E1,1.233799219E0,2.096876564E2,4.748651530E0,5.122748321E0
3.233389091E1,6.505407036E1,2.545965126E1,1.372014523E1,1.255655527E0,1.972821933E2,4.748651530E0,5.024186295E0
3.333388305E1,6.505405793E1,2.545965925E1,1.358266353E1,1.255655527E0,1.825201662E2,4.748651530E0,4.865172209E0
3.433387482E1,6.505404487E1,2.545966649E1,1.370625352E1,1.316938877E0,1.774696942E2,4.748651530E0,4.726778160E0
3.533386743E1,6.505403339E1,2.545972836E1,1.207986103E1,1.307856193E0,1.566111572E2,4.972842530E0,3.421645134E0
3.633385992E1,6.505401611E1,2.545976586E1,1.216470410E1,1.407927206E0,1.607837778E2,5.792785962E0,4.240551290E0
3.733385265E1,6.505399945E1,2.545978451E1,1.220644989E1,1.473819165E0,1.608744684E2,5.102660006E0,3.960141130E0
3.833384526E1,6.505398408E1,2.545977884E1,1.249942100E1,1.513075775E0,1.618859360E2,5.163363194E0,4.044780395E0
3.933383763E1,6.505397006E1,2.545977394E1,1.274111288E1,1.563825061E0,1.616196827E2,5.208267337E0,4.241455899E0
4.033383107E1,6.505395535E1,2.545978214E1,1.270652192E1,1.552919775E0,1.654404335E2,4.900334259E0,4.127842683E0
4.133382428E1,6.505394110E1,2.545980091E1,1.314924435E1,1.516865180E0,1.613297364E2,4.519066170E0,3.913030386E0
4.233381689E1,6.505392841E1,2.545980682E1,1.293843326E1,1.433261561E0,1.621668168E2,4.306085862E0,3.783204551E0
4.333381057E1,6.505392004E1,2.545983306E1,1.206739661E1,1.389174210E0,1.593921226E2,4.165295877E0,3.767267829E0
4.433380377E1,6.505390882E1,2.545986209E1,1.256709757E1,1.492154376E0,1.572809393E2,4.132486438E0,3.690817454E0
4.533379662E1,6.505389670E1,2.545989029E1,1.264361347E1,1.506953427E0,1.562773105E2,4.176910400E0,3.668883338E0
4.633379018E1,6.505388418E1,2.545991483E1,1.272418744E1,1.448733904E0,1.591129100E2,4.185821777E0,3.831402086E0
4.733378315E1,6.505387021E1,2.545994120E1,1.229821866E1,1.581741881E0,1.566397300E2,4.096298792E0,3.581860653E0
4.833377790E1,6.505385605E1,2.545995334E1,1.277538555E1,1.434543742E0,1.549599484E2,4.009880350E0,3.352842855E0
4.933377075E1,6.505383994E1,2.545996295E1,1.295482385E1,1.423715664E0,1.576750925E2,3.884438819E0,3.374970479E0
5.033376443E1,6.505382249E1,2.545997837E1,1.341064215E1,1.528375712E0,1.579520363E2,3.863012770E0,3.293712366E0
5.133375835E1,6.505381658E1,2.545996685E1,1.274920893E1,1.578600458E0,1.572460524E2,3.908797319E0,4.356536122E0
5.233375227E1,6.505381097E1,2.545996696E1,1.239828263E1,1.559450949E0,1.541020883E2,3.815744919E0,4.535256463E0
5.333374536E1,6.505379753E1,2.545997153E1,1.271776986E1,1.552738980E0,1.550997495E2,3.768813895E0,4.455438626E0
5.433373940E1,6.505378726E1,2.545998500E1,1.272271036E1,1.531572283E0,1.549619741E2,3.680373201E0,4.304407303E0
5.533373404E1,6.505377490E1,2.545999526E1,1.268653006E1,1.562996488E0,1.565562326E2,3.628961514E0,4.133726581E0
5.633372772E1,6.505376258E1,2.546000786E1,1.260704929E1,1.552044239E0,1.546340484E2,3.575237199E0,4.215260185E0
5.733372140E1,6.505375118E1,2.546001206E1,1.185374562E1,1.540736267E0,1.622516081E2,3.516484050E0,4.115614399E0
5.833371544E1,6.505373849E1,2.546002665E1,1.280677955E1,1.562929647E0,1.568068750E2,3.491968352E0,3.988010825E0
5.933370888E1,6.505372792E1,2.546003402E1,1.355861005E1,1.530944420E0,1.550243078E2,3.479262173E0,3.919192670E0
6.033370352E1,6.505371675E1,2.546004458E1,1.329091639E1,1.548891164E0,1.555133202E2,3.438704646E0,3.903642684E0
6.133369744E1,6.505370664E1,2.546005157E1,1.371877588E1,1.543841970E0,1.573193356E2,3.405648890E0,3.808802758E0
6.233369195E1,6.505369682E1,2.546006337E1,1.322040014E1,1.571159854E0,1.561763945E2,3.438355214E0,3.870933825E0
6.333368564E1,6.505368604E1,2.546007613E1,1.346136582E1,1.533631289E0,1.544089015E2,3.408774324E0,3.775228233E0
6.433368003E1,6.505367475E1,2.546008775E1,1.368654661E1,1.556418496E0,1.552582459E2,3.387535694E0,3.716727320E0
6.533367455E1,6.505366589E1,2.546009615E1,1.258734913E1,1.541027722E0,1.584322427E2,3.385306052E0,3.702865656E0
6.633366787E1,6.505365553E1,2.546010047E1,1.218444454E1,1.482457296E0,1.637136189E2,3.340058609E0,3.771272029E0
6.733366263E1,6.505364486E1,2.546011271E1,1.209871361E1,1.537312933E0,1.606350358E2,3.307210828E0,3.727600582E0
6.833365667E1,6.505363526E1,2.546012620E1,1.206974852E1,1.578972363E0,1.564175753E2,3.313688941E0,3.831999763E0
6.933365071E1,6.505362499E1,2.546013985E1,1.226995228E1,1.560500735E0,1.533195742E2,3.248004504E0,3.870726437E0
7.033364463E1,6.505361370E1,2.546014479E1,1.175487119E1,1.576497046E0,1.552451827E2,3.185604280E0,3.795256878E0
7.133363974E1,6.505360288E1,2.546015258E1,1.143107448E1,1.563972628E0,1.563243504E2,3.176468719E0,3.662860019E0
7.233363366E1,6.505359069E1,2.546015934E1,1.170761276E1,1.554571185E0,1.608118144E2,3.170856379E0,3.795650572E0
7.333362758E1,6.505357943E1,2.546017081E1,1.146690084E1,1.562034623E0,1.602515730E2,3.205527541E0,3.872167103E0
7.433362305E1,6.505356871E1,2.546018091E1,1.015645691E1,1.527707129E0,1.577281569E2,3.147638856E0,3.819999034E0
7.533361661E1,6.505355731E1,2.546019542E1,1.008585859E1,1.533950450E0,1.550037840E2,3.115662792E0,3.870137090E0
7.633361101E1,6.505354476E1,2.546020687E1,1.035048243E1,1.580782447E0,1.564009787E2,3.059879646E0,3.962960666E0
7.733360529E1,6.505353297E1,2.546021638E1,1.021670036E1,1.576635095E0,1.576092645E2,3.012444923E0,3.796497350E0
7.833360028E1,6.505351876E1,2.546022108E1,1.083300445E1,1.588684925E0,1.640841904E2,2.972688871E0,3.781597984E0
7.933359420E1,6.505350495E1,2.546022522E1,1.096265700E1,1.571014360E0,1.688564473E2,2.977980028E0,3.772652806E0
8.033358836E1,6.505349144E1,2.546023247E1,1.084543138E1,1.595526617E0,1.679728137E2,2.976207401E0,3.628779331E0
8.133358324E1,6.505347746E1,2.546023694E1,1.063656010E1,1.592398198E0,1.709183635E2,2.963333460E0,3.637112793E0
8.233357728E1,6.505346358E1,2.546023474E1,1.092629875E1,1.601454430E0,1.751095471E2,2.935832297E0,3.676847408E0
8.333357191E1,6.505345045E1,2.546022988E1,1.129901086E1,1.588931452E0,1.789714710E2,2.971859576E0,3.729389643E0
8.433356643E1,6.505343780E1,2.546022197E1,1.091109588E1,1.566210835E0,1.837863944E2,2.925637286E0,3.713573027E0
8.533356059E1,6.505342565E1,2.546020903E1,1.107922575E1,1.575486647E0,1.874963879E2,2.879355441E0,3.392135049E0
8.633355486E1,6.505341576E1,2.546018365E1,1.074673775E1,1.583911563E0,1.964426205E2,2.849791782E0,3.472579785E0
8.733354926E1,6.505340180E1,2.546016832E1,1.087289262E1,1.597693278E0,2.010661514E2,2.829894901E0,3.380345065E0
8.833354366E1,6.505339103E1,2.546015267E1,1.040875042E1,1.581691316E0,2.007432473E2,2.788757911E0,3.262835594E0
8.933353853E1,6.505337917E1,2.546014164E1,1.074806910E1,1.589398823E0,2.002488892E2,2.749320020E0,3.170415810E0
9.033353281E1,6.505336863E1,2.546012253E1,1.110760535E1,1.562044758E0,2.064242570E2,2.728234634E0,3.229579298E0
9.133352757E1,6.505335575E1,2.546011040E1,1.116646022E1,1.583381097E0,2.079338895E2,2.691822889E0,3.280134879E0
9.233352184E1,6.505334444E1,2.546009676E1,1.055732976E1,1.566504105E0,2.088413812E2,2.657231732E0,3.298511321E0
9.333351612E1,6.505333204E1,2.546007895E1,1.144354537E1,1.596094545E0,2.103025819E2,2.644642855E0,3.454689018E0
9.433351040E1,6.505332196E1,2.546006351E1,1.060605460E1,1.549487635E0,2.109221338E2,2.612410706E0,3.411826440E0
9.533350444E1,6.505331166E1,2.546004800E1,9.953946404E0,1.458994906E0,2.086222282E2,2.581790152E0,3.286699967E0
9.633349943E1,6.505329776E1,2.546003198E1,1.084569315E1,1.584473561E0,2.046625881E2,2.584980714E0,3.195396954E0
9.733349347E1,6.505328525E1,2.546002357E1,1.127184923E1,1.586966729E0,1.991509268E2,2.555731722E0,3.279602105E0
9.833348823E1,6.505327243E1,2.546001664E1,1.125211585E1,1.595543172E0,1.954236109E2,2.527945113E0,3.249732534E0
9.933348298E1,6.505326239E1,2.546000097E1,1.092345939E1,1.593629453E0,2.016635337E2,2.514002773E0,3.185881528E0
1.003334764E2,6.505325220E1,2.545998514E1,1.067673847E1,1.556018521E0,2.068354486E2,2.488302637E0,3.136070995E0
1.013334719E2,6.505323982E1,2.545997297E1,1.156531251E1,1.552480776E0,2.050649499E2,2.463887508E0,3.127305959E0
1.023334658E2,6.505322612E1,2.545996914E1,1.162617455E1,1.574076723E0,1.974876384E2,2.445439527E0,3.093847667E0
1.033334602E2,6.505321536E1,2.545996223E1,1.066617294E1,1.566742052E0,1.922922353E2,2.434804563E0,3.077221098E0
1.043334545E2,6.505320524E1,2.545994636E1,1.057566795E1,1.561123595E0,1.994067914E2,2.413064329E0,3.083599837E0
1.053334495E2,6.505319416E1,2.545993090E1,1.110126488E1,1.576839414E0,2.036750919E2,2.407467167E0,3.000000000E0
1.063334440E2,6.505318202E1,2.545992204E1,1.176324780E1,1.544350684E0,2.019228744E2,2.395063734E0,3.000000000E0
1.073334378E2,6.505316761E1,2.545992618E1,1.160165014E1,1.586523390E0,1.905045769E2,2.407496306E0,3.000000000E0
1.083334324E2,6.505315373E1,2.545993499E1,1.178861489E1,1.588912000E0,1.784738207E2,2.387121480E0,3.000000000E0
1.093334272E2,6.505314212E1,2.545993583E1,1.150741816E1,1.531491668E0,1.805877878E2,2.404438267E0,3.000000000E0
1.103334218E2,6.505312980E1,2.545993928E1,1.099559518E1,1.536823008E0,1.775177422E2,2.404329304E0,3.000000000E0
1.113334155E2,6.505311731E1,2.545995057E1,1.120280513E1,1.551805819E0,1.714961806E2,2.415462305E0,3.000000000E0
1.123334101E2,6.505310615E1,2.545995847E1,1.141774238E1,1.560620761E0,1.678461958E2,2.430000370E0,3.000000000E0
1.133334045E2,6.505309524E1,2.545997702E1,1.165234840E1,1.571590014E0,1.616483733E2,2.435406932E0,3.000000000E0
1.143333998E2,6.505308373E1,2.545998466E1,1.156211175E1,1.589310502E0,1.604435755E2,2.453831169E0,3.000000000E0
1.153333944E2,6.505307209E1,2.546000011E1,1.179119079E1,1.582313990E0,1.583402344E2,2.463260436E0,3.034241323E0
1.163333884E2,6.505306061E1,2.546001755E1,1.226902514E1,1.551604559E0,1.557728042E2,2.488277453E0,3.061366646E0
1.173333830E2,6.505304909E1,2.546003483E1,1.168794118E1,1.585540271E0,1.545223978E2,2.477482698E0,3.111252079E0
1.183333777E2,6.505304313E1,2.546004740E1,9.946826492E0,1.373401834E0,1.505085908E2,2.453608530E0,3.000000000E0
1.193333716E2,6.505303064E1,2.546006432E1,1.062900966E1,1.555554839E0,1.512281380E2,2.430928114E0,3.000000000E0
1.203333668E2,6.505301729E1,2.546007114E1,1.150998102E1,1.536560263E0,1.601882895E2,2.409381710E0,3.002176006E0
1.213333614E2,6.505300713E1,2.546007715E1,1.123660830E1,1.542520207E0,1.625639740E2,2.416747503E0,3.000000000E0
1.223333549E2,6.505299553E1,2.546009155E1,1.144755656E1,1.536471185E0,1.592360243E2,2.446404631E0,3.000000000E0
1.233333496E2,6.505298415E1,2.546010928E1,1.080615308E1,1.563904434E0,1.539979521E2,2.424084391E0,3.000000000E0
1.243333439E2,6.505297407E1,2.546012475E1,1.071003097E1,1.572414356E0,1.531778802E2,2.454139679E0,3.035334389E0
1.253333387E2,6.505296389E1,2.546013593E1,9.962385360E0,1.551334479E0,1.559096798E2,2.490248592E0,3.000000000E0
1.263333329E2,6.505295247E1,2.546014991E1,1.016957085E1,1.582844740E0,1.545152696E2,2.474748487E0,3.000000000E0
1.273333287E2,6.505294132E1,2.546016460E1,1.045466549E1,1.575082782E0,1.522399301E2,2.490049560E0,3.000000000E0
1.283333223E2,6.505293320E1,2.546016604E1,1.060172353E1,1.538421867E0,1.549438991E2,2.544042745E0,3.000000000E0
1.293333170E2,6.505292318E1,2.546017913E1,1.019779902E1,1.517650316E0,1.531241478E2,2.615835596E0,3.055651310E0
1.303333116E2,6.505291146E1,2.546019117E1,1.076675649E1,1.547186968E0,1.541234563E2,2.670198225E0,3.110783595E0
1.313333062E2,6.505289983E1,2.546020627E1,1.037272468E1,1.545520522E0,1.547102418E2,2.744677306E0,3.154323741E0
1.323333005E2,6.505289036E1,2.546021658E1,9.462772559E0,1.489166712E0,1.513447164E2,2.780946730E0,3.246425303E0
1.333332952E2,6.505287916E1,2.546022404E1,8.674012033E0,1.432597855E0,1.580443274E2,2.758152841E0,3.145011811E0
1.343340409E2,6.505286500E1,2.546023902E1,9.873547017E0,1.566054634E0,1.571358363E2,2.765582237E0,3.131140961E0
1.353340464E2,6.505285504E1,2.546024180E1,1.049500089E1,1.427840666E0,1.609902055E2,2.764084519E0,3.349334298E0
1.363340396E2,6.505284498E1,2.546024988E1,1.223903141E1,1.240545699E0,1.627749679E2,2.845065572E0,3.377604661E0
1.373340423E2,6.505283109E1,2.546025573E1,1.222219442E1,1.427562685E0,1.642425703E2,2.815705133E0,3.272404861E0
1.383340440E2,6.505282140E1,2.546027610E1,1.248559645E1,1.475911539E0,1.518254584E2,2.782329070E0,3.385935369E0
1.393340360E2,6.505280942E1,2.546028317E1,1.185451484E1,1.558683235E0,1.581872851E2,2.755271448E0,3.333068251E0
1.403340373E2,6.505279996E1,2.546028337E1,1.027989649E1,1.402066227E0,1.644785970E2,2.795425160E0,3.445200162E0
1.413340383E2,6.505278553E1,2.546028972E1,1.065648655E1,1.577083582E0,1.689995617E2,2.773876238E0,3.207908285E0
1.423340300E2,6.505277461E1,2.546030282E1,1.083611187E1,1.533560508E0,1.622904537E2,2.779330732E0,3.464239370E0
1.433340299E2,6.505276362E1,2.546031151E1,1.159185048E1,1.434051115E0,1.617090407E2,2.824448425E0,3.419854196E0
1.443340293E2,6.505275175E1,2.546030951E1,1.034322185E1,1.509801200E0,1.664385668E2,2.859111237E0,3.435668924E0
1.453340193E2,6.505273982E1,2.546032148E1,9.918129954E0,1.524301488E0,1.619817655E2,2.828172812E0,3.620810086E0
1.463340192E2,6.505272780E1,2.546033822E1,1.086504367E1,1.533631932E0,1.568262715E2,2.823655946E0,3.602141548E0
1.473340200E2,6.505271322E1,2.546033642E1,1.060558565E1,1.546869664E0,1.689363428E2,2.899390873E0,3.769472622E0
1.483340091E2,6.505270138E1,2.546033492E1,8.807553422E0,1.356933768E0,1.759344074E2,2.879073530E0,3.505906227E0
1.493339988E2,6.505268769E1,2.546035124E1,9.341978902E0,1.506045127E0,1.687430313E2,2.940760873E0,3.669144448E0
1.503339897E2,6.505267481E1,2.546037011E1,1.021973581E1,1.533427585E0,1.586516121E2,2.893722854E0,3.570879250E0
1.513339801E2,6.505266161E1,2.546037778E1,1.083559502E1,1.539451476E0,1.612197787E2,2.949425946E0,3.576083984E0
1.523339700E2,6.505264765E1,2.546038464E1,1.071278764E1,1.559647956E0,1.666212525E2,2.919272326E0,3.537136139E0
1.533339610E2,6.505263459E1,2.546038250E1,9.984623333E0,1.515454423E0,1.763934821E2,2.893362050E0,3.671264572E0
1.543339527E2,6.505262026E1,2.546038379E1,1.071811023E1,1.535864257E0,1.774331726E2,2.922391210E0,3.760643760E0
1.553339427E2,6.505260882E1,2.546038340E1,9.953329538E0,1.459597470E0,1.773118931E2,2.975562785E0,3.805886462E0
1.563339344E2,6.505259573E1,2.546036806E1,1.007011762E1,1.493752046E0,1.881118300E2,3.053288826E0,3.793900588E0
1.573339267E2,6.505258442E1,2.546036237E1,1.001239023E1,1.495687563E0,1.895161987E2,3.000624388E0,3.712628406E0
1.583339176E2,6.505257188E1,2.546034375E1,1.099554008E1,1.520967415E0,1.968686823E2,2.953698809E0,3.742509525E0
1.593339096E2,6.505256008E1,2.546033437E1,1.158405384E1,1.508997731E0,1.965735775E2,2.952366520E0,3.589574577E0
1.603339013E2,6.505254948E1,2.546032130E1,1.170116782E1,1.492003984E0,2.006060303E2,3.051685318E0,3.793199142E0
1.613338941E2,6.505253501E1,2.546031100E1,1.189588066E1,1.544652681E0,1.986032109E2,2.999101035E0,3.668003423E0
1.623338859E2,6.505251939E1,2.546030307E1,1.210578116E1,1.556215662E0,1.968231465E2,2.980908701E0,3.675318910E0
1.633338779E2,6.505250724E1,2.546029464E1,1.169030629E1,1.541947780E0,1.985580212E2,2.973743749E0,4.108200998E0
1.643338705E2,6.505249428E1,2.546028246E1,1.213661537E1,1.545102840E0,1.995737001E2,2.965031233E0,3.891521047E0
1.653338636E2,6.505248354E1,2.546026839E1,1.200773622E1,1.458002918E0,2.053663522E2,2.953156233E0,3.761409998E0
1.663338555E2,6.505247313E1,2.546025522E1,1.218818585E1,1.532370084E0,2.058933979E2,2.989263152E0,3.782488351E0
1.673338486E2,6.505246047E1,2.546023880E1,1.208564686E1,1.553405548E0,2.073050488E2,3.010944716E0,3.838997081E0
1.683338413E2,6.505244712E1,2.546022086E1,1.248170347E1,1.556861348E0,2.058896776E2,3.028397931E0,3.663789502E0
1.693338346E2,6.505243537E1,2.546022517E1,1.234465357E1,1.500359575E0,1.932532731E2,3.084312294E0,3.785112052E0
1.703338282E2,6.505242298E1,2.546021894E1,1.316001201E1,1.393006297E0,1.908734919E2,3.077461191E0,3.554087864E0
1.713338206E2,6.505241353E1,2.546020042E1,1.179198404E1,1.363366519E0,1.973163936E2,3.046108151E0,3.726178289E0
1.723338139E2,6.505240234E1,2.546019414E1,1.126948792E1,1.391300356E0,1.972561844E2,2.995000779E0,3.804928875E0
1.733338065E2,6.505239053E1,2.546020024E1,1.145236961E1,1.435214043E0,1.884398701E2,2.992306253E0,3.680456212E0
1.743338002E2,6.505237621E1,2.546019774E1,1.193284527E1,1.550749512E0,1.884491466E2,2.975304729E0,3.841622012E0
1.753337944E2,6.505236117E1,2.546020180E1,1.289173572E1,1.539129425E0,1.815760534E2,2.950634123E0,3.757215890E0
1.763337871E2,6.505235022E1,2.546021313E1,1.309529282E1,1.528516732E0,1.723169876E2,2.903102445E0,3.654985156E0
1.773337808E2,6.505233648E1,2.546022729E1,1.280709198E1,1.553388437E0,1.646813564E2,2.894003017E0,3.629917975E0
1.783337743E2,6.505232397E1,2.546023818E1,1.415876027E1,1.480552865E0,1.638330156E2,2.899560064E0,3.743821408E0
1.793337672E2,6.505231057E1,2.546023864E1,1.262592432E1,1.520029643E0,1.694157532E2,2.928288287E0,3.795839494E0
1.803337610E2,6.505229991E1,2.546023787E1,1.058467607E1,1.318379718E0,1.734369057E2,2.961662053E0,3.625225599E0
1.813337539E2,6.505228601E1,2.546025005E1,1.136154707E1,1.526958891E0,1.697865452E2,2.977826929E0,3.655916314E0
1.823337483E2,6.505227351E1,2.546027074E1,1.239366615E1,1.510161122E0,1.599425123E2,2.957500206E0,3.698124545E0
1.833337418E2,6.505226421E1,2.546028582E1,1.354899982E1,1.428218213E0,1.522703689E2,2.969202378E0,3.678133257E0
1.843337356E2,6.505225126E1,2.546028942E1,1.396655755E1,1.486968207E0,1.558184246E2,3.018218285E0,3.701918134E0
1.853337289E2,6.505223879E1,2.546028944E1,1.376792971E1,1.525869331E0,1.593391575E2,3.031082541E0,3.769551002E0
1.863337228E2,6.505222839E1,2.546029575E1,1.552891971E1,1.439468308E0,1.581824281E2,3.072439990E0,3.799112159E0
1.873337169E2,6.505221529E1,2.546031485E1,1.375273818E1,1.564690333E0,1.541972780E2,3.052728130E0,3.790545834E0
1.883337104E2,6.505220735E1,2.546032829E1,1.386355871E1,1.519875058E0,1.529986771E2,3.071422079E0,3.766482094E0
1.893337047E2,6.505219581E1,2.546034144E1,1.405787364E1,1.548044022E0,1.536678116E2,3.046790611E0,3.717102242E0
1.903336976E2,6.505218645E1,2.546035950E1,1.485907033E1,1.493090759E0,1.518898277E2,3.057251712E0,3.851296538E0
1.913336918E2,6.505217537E1,2.546036896E1,1.506912645E1,1.518016626E0,1.524043372E2,3.127385329E0,3.825870696E0
1.923336853E2,6.505216321E1,2.546038195E1,1.531140366E1,1.538833750E0,1.532257225E2,3.139461378E0,3.975021693E0
1.933336791E2,6.505215145E1,2.546039870E1,1.587579153E1,1.577563000E0,1.522152980E2,3.143685807E0,4.148929601E0
1.943336728E2,6.505213824E1,2.546041291E1,1.496370191E1,1.541782860E0,1.548752330E2,3.175634371E0,4.099049377E0
1.953336668E2,6.505212915E1,2.546041687E1,1.407602220E1,1.355446931E0,1.642481657E2,3.187618293E0,3.854932398E0
1.963336605E2,6.505211716E1,2.546043596E1,1.459332862E1,1.512353187E0,1.608364160E2,3.169455065E0,3.737109032E0
1.973336551E2,6.505210624E1,2.546044690E1,1.493341319E1,1.542688564E0,1.597589722E2,3.155664563E0,3.799408177E0
1.983336493E2,6.505209529E1,2.546046107E1,1.519757735E1,1.523884148E0,1.562699245E2,3.153883469E0,3.799786189E0
1.993336421E2,6.505208478E1,2.546047831E1,1.524012541E1,1.554782768E0,1.515980273E2,3.136189199E0,3.737862769E0
2.003336370E2,6.505207346E1,2.546049325E1,1.449251695E1,1.582671996E0,1.508415233E2,3.122423137E0,3.768368128E0
2.013336312E2,6.505206237E1,2.546050187E1,1.438485193E1,1.536050502E0,1.534831131E2,3.164887277E0,4.074225531E0
2.023336246E2,6.505205006E1,2.546051437E1,1.500654930E1,1.573525145E0,1.546582474E2,3.114977681E0,3.899339425E0
2.033336194E2,6.505203774E1,2.546052018E1,1.433129359E1,1.552886517E0,1.580700478E2,3.240719350E0,4.121183582E0
2.043336126E2,6.505202678E1,2.546052144E1,1.161567037E1,1.253421581E0,1.668854621E2,3.296436567E0,3.732125112E0
2.053336064E2,6.505201434E1,2.546054486E1,1.232016757E1,1.542432728E0,1.549093988E2,3.360915511E0,3.916288831E0
2.063336009E2,6.505200286E1,2.546055922E1,1.282464331E1,1.560372457E0,1.534316841E2,3.314498086E0,3.967914501E0
2.073335943E2,6.505198952E1,2.546057023E1,1.304358862E1,1.532507590E0,1.552650143E2,3.326567286E0,3.961542330E0
2.083335885E2,6.505197685E1,2.546058456E1,1.275091726E1,1.562576741E0,1.556034037E2,3.306776918E0,4.058303079E0
2.093335830E2,6.505196518E1,2.546058851E1,1.288305216E1,1.520319916E0,1.582950640E2,3.370100270E0,4.235182475E0
2.103335763E2,6.505195359E1,2.546060643E1,1.302490893E1,1.530090177E0,1.523830427E2,3.330829812E0,3.933166770E0
2.113335706E2,6.505193885E1,2.546062091E1,1.194906838E1,1.544723939E0,1.570778624E2,3.338063753E0,4.020581548E0
2.123335650E2,6.505192879E1,2.546062454E1,1.029682960E1,1.343306643E0,1.617265196E2,3.281295920E0,3.907486541E0
2.133335587E2,6.505191581E1,2.546063366E1,9.918986158E0,1.453227208E0,1.635983926E2,3.232801387E0,3.723849485E0
2.143335530E2,6.505190391E1,2.546064245E1,9.470390440E0,1.502635411E0,1.627630173E2,3.178884526E0,3.754725442E0
2.153335475E2,6.505189169E1,2.546065863E1,1.034777770E1,1.521293091E0,1.585598858E2,3.124562372E0,3.614743935E0
2.163335407E2,6.505188084E1,2.546067186E1,1.112037895E1,1.357055262E0,1.613013004E2,3.097553837E0,3.603597408E0
2.173335347E2,6.505186993E1,2.546068352E1,1.130472642E1,1.408007984E0,1.616470922E2,3.103077943E0,3.562078882E0
2.183335286E2,6.505186274E1,2.546069788E1,1.116621415E1,1.111374165E0,1.552335608E2,3.119130470E0,3.478432772E0
2.193335234E2,6.505185218E1,2.546071418E1,1.172486197E1,1.336689944E0,1.555327195E2,3.117818983E0,3.541392224E0
2.203335172E2,6.505184176E1,2.546072290E1,1.109406187E1,1.398288315E0,1.586382792E2,3.061928040E0,3.654203661E0
2.213335118E2,6.505183254E1,2.546073508E1,1.139117539E1,1.281578562E0,1.600757234E2,3.018642707E0,3.423614259E0
2.223335057E2,6.505182275E1,2.546075234E1,1.200536628E1,1.333802854E0,1.554511587E2,2.968425892E0,3.270681866E0
2.233334998E2,6.505181511E1,2.546076572E1,1.287597466E1,1.125152265E0,1.538520958E2,2.993535674E0,3.150912652E0
2.243334935E2,6.505179703E1,2.546077892E1,1.324671536E1,1.491011124E0,1.605437332E2,2.943858893E0,3.090192206E0
2.253334877E2,6.505178137E1,2.546078646E1,1.252650796E1,1.578687247E0,1.583879565E2,2.960756835E0,3.263018100E0
2.263334814E2,6.505176689E1,2.546078967E1,1.185133026E1,1.547817301E0,1.637355369E2,2.965776601E0,3.335840706E0
2.273334759E2,6.505175359E1,2.546080446E1,1.298326671E1,1.604058813E0,1.586787356E2,2.970777570E0,3.345768551E0
2.283334700E2,6.505174207E1,2.546080493E1,1.227528149E1,1.603607687E0,1.611658882E2,3.032415533E0,3.526532834E0
2.293334640E2,6.505172886E1,2.546080370E1,1.153951053E1,1.525664685E0,1.692884964E2,3.009420465E0,3.697343164E0
2.303334588E2,6.505171759E1,2.546080647E1,1.156035903E1,1.418986948E0,1.763705575E2,3.068574588E0,3.673336150E0
2.313334528E2,6.505170488E1,2.546082654E1,1.277586949E1,1.626323257E0,1.711747513E2,3.063353542E0,3.698267211E0
2.323334461E2,6.505169644E1,2.546084788E1,1.311614608E1,1.564788019E0,1.607055488E2,3.208574376E0,3.880447012E0
2.333334399E2,6.505168575E1,2.546086355E1,1.398340860E1,1.510665595E0,1.543151900E2,3.250155820E0,3.871813668E0
2.343334347E2,6.505167339E1,2.546087745E1,1.452427882E1,1.498925047E0,1.559864647E2,3.318950990E0,3.871007128E0
2.353334285E2,6.505165967E1,2.546088927E1,1.389042257E1,1.562512811E0,1.613225405E2,3.397070374E0,4.000949616E0
2.363334223E2,6.505164622E1,2.546090207E1,1.401934750E1,1.566068744E0,1.621169223E2,3.438122363E0,4.211079661E0
2.373334169E2,6.505163547E1,2.546091892E1,1.413726575E1,1.569747774E0,1.575812169E2,3.503705910E0,4.186843207E0
2.383334110E2,6.505162523E1,2.546090662E1,1.184181283E1,1.303843565E0,1.658862139E2,3.546071401E0,4.180158391E0
2.393334053E2,6.505161294E1,2.546091758E1,1.170880831E1,1.379621690E0,1.649422528E2,3.624661524E0,4.029888369E0
2.403333993E2,6.505159929E1,2.546093744E1,1.280050604E1,1.535307003E0,1.582968337E2,3.593134859E0,4.039175340E0
2.413333955E2,6.505158963E1,2.546095600E1,1.357268002E1,1.512636409E0,1.512594606E2,3.591737316E0,4.082369598E0
2.423333871E2,6.505158180E1,2.546097392E1,1.459734942E1,1.310446652E0,1.473960971E2,3.544156967E0,3.834344111E0
2.433333815E2,6.505157033E1,2.546098446E1,1.390331019E1,1.311227918E0,1.526962503E2,3.597795518E0,3.775227394E0
2.443333758E2,6.505155919E1,2.546099224E1,1.496039661E1,1.375684185E0,1.571701268E2,3.626504776E0,3.827638405E0
2.453333701E2,6.505154985E1,2.546099834E1,1.431469239E1,1.225513532E0,1.607904636E2,3.644557499E0,3.639467868E0
2.463333641E2,6.505154205E1,2.546100013E1,1.223538404E1,1.046278582E0,1.719807321E2,3.649219596E0,3.887988953E0
2.473333578E2,6.505152658E1,2.546101394E1,1.282087419E1,1.496619554E0,1.682385064E2,3.633294446E0,3.963701137E0
2.483333522E2,6.505151346E1,2.546102826E1,1.373273737E1,1.527476589E0,1.590433508E2,3.580696641E0,4.005508719E0
2.493333461E2,6.505150317E1,2.546104301E1,1.487037952E1,1.398773383E0,1.547634389E2,3.501661823E0,3.877465824E0
2.503333402E2,6.505149239E1,2.546106054E1,1.452832716E1,1.533461360E0,1.516723746E2,3.637879902E0,3.935247036E0
2.513333344E2,6.505148181E1,2.546108108E1,1.436322484E1,1.498641957E0,1.512122263E2,3.681404621E0,4.183319482E0
2.523333281E2,6.505147050E1,2.546109107E1,1.218830766E1,1.310824991E0,1.587611179E2,3.664047485E0,4.081568680E0
2.533333229E2,6.505145932E1,2.546111059E1,1.304959579E1,1.473781628E0,1.579838930E2,3.739813824E0,4.009683149E0
2.543333163E2,6.505144756E1,2.546112886E1,1.397290921E1,1.526280189E0,1.568851503E2,3.801576869E0,4.226577885E0
2.553333112E2,6.505144052E1,2.546115501E1,1.478819055E1,1.423762976E0,1.470109407E2,3.741520451E0,4.133949155E0
2.563333049E2,6.505143225E1,2.546118493E1,1.469218568E1,1.511421547E0,1.358548038E2,3.733296417E0,4.110380993E0
2.573332987E2,6.505142429E1,2.546121229E1,1.470840713E1,1.566827471E0,1.311793845E2,3.702211456E0,3.920067107E0
2.583332930E2,6.505141944E1,2.546124417E1,1.521296349E1,1.549539712E0,1.230246109E2,3.677202595E0,3.910015433E0
2.593332870E2,6.505141159E1,2.546126480E1,1.529895457E1,1.513967126E0,1.273523600E2,3.782646324E0,4.162758821E0
2.603340362E2,6.505140604E1,2.546128794E1,1.499839211E1,1.347352803E0,1.282318007E2,3.760121864E0,4.189968810E0
2.613340417E2,6.505140034E1,2.546130001E1,1.525354118E1,1.204836168E0,1.309936321E2,3.740643339E0,3.806120013E0
2.623340338E2,6.505139378E1,2.546132429E1,1.495031515E1,1.353074047E0,1.221318919E2,3.823249003E0,3.947056450E0
2.633340355E2,6.505138932E1,2.546132845E1,1.506886901E1,1.095843948E0,1.238728023E2,3.807797362E0,3.871463208E0
2.643340380E2,6.505138433E1,2.546134148E1,1.460986812E1,1.144946726E0,1.216540277E2,3.804515242E0,3.891991256E0
2.653340306E2,6.505138127E1,2.546135889E1,1.406929769E1,1.114479674E0,1.191411583E2,3.803096806E0,4.086421685E0
2.663340302E2,6.505138126E1,2.546138472E1,1.503554806E1,1.140528098E0,1.123697220E2,3.804520423E0,4.013877477E0
2.673340310E2,6.505137925E1,2.546140010E1,1.297201067E1,9.391598328E-1,1.104112842E2,3.740555717E0,3.891855442E0
2.683340212E2,6.505137449E1,2.546143286E1,1.391982231E1,1.122340357E0,1.112764404E2,3.721700898E0,3.899518186E0
2.693340182E2,6.505137371E1,2.546146276E1,1.461714427E1,1.147377994E0,1.067901443E2,3.761499232E0,3.929674479E0
2.703340198E2,6.505137301E1,2.546149556E1,1.493739723E1,1.260151383E0,1.024799692E2,3.847401835E0,3.931627328E0
2.713340080E2,6.505136836E1,2.546152711E1,1.531693560E1,1.295801045E0,1.078456332E2,4.053929506E0,4.039768427E0
2.723340061E2,6.505136824E1,2.546155207E1,1.576768841E1,1.119379340E0,1.069652302E2,4.010160036E0,3.941524108E0
2.733340054E2,6.505137016E1,2.546156988E1,1.443948692E1,9.103183033E-1,1.030064797E2,4.117294140E0,4.001239369E0
2.743339963E2,6.505136502E1,2.546159834E1,1.477774260E1,1.088496579E0,1.143396809E2,4.219269148E0,4.191239351E0
2.753339843E2,6.505136179E1,2.546161840E1,1.538941878E1,9.886618414E-1,1.143196238E2,4.283752847E0,4.105808678E0
2.763339727E2,6.505136503E1,2.546164624E1,1.549231714E1,9.268143507E-1,1.045333179E2,4.317481159E0,4.279906646E0
2.773339620E2,6.505137003E1,2.546168651E1,1.544014076E1,1.173571380E0,9.364993547E1,4.381482268E0,4.394676574E0
2.783339512E2,6.505137595E1,2.546172746E1,1.534400852E1,1.231901784E0,8.592583791E1,4.312037729E0,4.369723183E0
2.793339413E2,6.505137820E1,2.546175660E1,1.496293401E1,1.217150547E0,8.563317120E1,4.236957431E0,4.363597498E0
2.803339306E2,6.505137996E1,2.546177438E1,1.518033584E1,1.023049741E0,8.764146052E1,4.213100717E0,4.251511776E0
2.813339208E2,6.505138004E1,2.546178407E1,1.377949926E1,6.863313558E-1,9.269492741E1,4.193034984E0,4.124927466E0
2.823339119E2,6.505139000E1,2.546181814E1,1.577247957E1,9.389948984E-1,7.416630273E1,4.202257162E0,4.129171544E0
2.833339021E2,6.505139150E1,2.546184712E1,1.601487136E1,9.957966825E-1,7.864338902E1,4.222243685E0,4.208176548E0
2.843338929E2,6.505139391E1,2.546188140E1,1.665541730E1,1.037584517E0,7.987217421E1,4.267350521E0,4.486681213E0
2.853338834E2,6.505139476E1,2.546191557E1,1.646510270E1,1.163766588E0,8.341075267E1,4.381218493E0,4.646814678E0
2.863338751E2,6.505139798E1,2.546194801E1,1.721794146E1,1.260303096E0,8.088841636E1,4.345115395E0,4.531556950E0
2.873338660E2,6.505139805E1,2.546197757E1,1.779395225E1,1.304532749E0,8.393956021E1,4.337451932E0,4.308157555E0
2.883338579E2,6.505140128E1,2.546200839E1,1.731815793E1,1.286593653E0,8.188805138E1,4.362090540E0,4.254668003E0
2.893338495E2,6.505140072E1,2.546203101E1,1.538930247E1,1.069223657E0,8.606762590E1,4.387194184E0,4.301032051E0
2.903338413E2,6.505140649E1,2.546207724E1,1.588018607E1,1.529064152E0,8.053063208E1,4.545111377E0,4.401072269E0
2.913338330E2,6.505141431E1,2.546212013E1,1.576902338E1,1.538678046E0,7.157980314E1,4.545111332E0,4.641859158E0
2.923338245E2,6.505141875E1,2.546215006E1,1.674001541E1,1.485722043E0,6.788287987E1,4.652633466E0,5.040531758E0
2.933338168E2,6.505141829E1,2.546217786E1,1.821821798E1,1.316365058E0,7.436836887E1,4.681799020E0,5.052215078E0
2.943338090E2,6.505142407E1,2.546219710E1,1.808510196E1,1.071419963E0,7.099009253E1,4.664597620E0,4.863891205E0
2.953338013E2,6.505142877E1,2.546223131E1,1.681759678E1,1.207923725E0,7.089096034E1,4.582363043E0,4.711675004E0
2.963337938E2,6.505143576E1,2.546226578E1,1.840267754E1,1.340899790E0,6.741285219E1,4.671654034E0,4.760594963E0
2.973337860E2,6.505143597E1,2.546229338E1,1.935038520E1,1.158763532E0,7.505188040E1,4.635426834E0,4.914251576E0
2.983337787E2,6.505143260E1,2.546232362E1,1.935529393E1,1.246925663E0,7.415815831E1,4.546100277E0,4.771337456E0
2.993337722E2,6.505142887E1,2.546236203E1,1.852842973E1,1.375339134E0,8.041936345E1,4.524811614E0,4.659065734E0
3.003337640E2,6.505143092E1,2.546239492E1,1.865038405E1,1.407804477E0,7.735859579E1,4.504524359E0,4.498338580E0
3.013337575E2,6.505142591E1,2.546241648E1,1.815380135E1,1.227779678E0,8.161120807E1,4.410681776E0,4.484435006E0
3.023337499E2,6.505142507E1,2.546244425E1,1.807846917E1,1.095926219E0,8.489156285E1,4.309680435E0,4.325302005E0
3.033337429E2,6.505142586E1,2.546248037E1,1.830334196E1,1.202460624E0,7.895732268E1,4.194196395E0,4.161758572E0
3.043337359E2,6.505142721E1,2.546251652E1,1.538733021E1,1.279260935E0,8.247070882E1,4.241268763E0,4.186889375E0
3.053337294E2,6.505142627E1,2.546254851E1,1.556663083E1,1.365288240E0,8.760532482E1,4.159372639E0,4.056129257E0
3.063337214E2,6.505142680E1,2.546258436E1,1.625996216E1,1.543634483E0,8.533078833E1,4.089802687E0,4.417522472E0
3.073337146E2,6.505142954E1,2.546261680E1,1.693973940E1,1.511994499E0,8.451766687E1,4.044805061E0,4.356649094E0
3.083337082E2,6.505143228E1,2.546264746E1,1.807235351E1,1.428761208E0,8.020132314E1,3.979005338E0,4.305067628E0
3.093337018E2,6.505143285E1,2.546268531E1,1.739332819E1,1.551304311E0,8.174499446E1,3.893944089E0,4.185077514E0
3.103336943E2,6.505143707E1,2.546270912E1,1.642297943E1,1.493734210E0,8.361280157E1,3.846920114E0,4.178722842E0
3.113336875E2,6.505143723E1,2.546274454E1,1.707960856E1,1.533525284E0,8.460144012E1,3.908004971E0,4.286718834E0
3.123336810E2,6.505143673E1,2.546278058E1,1.611980729E1,1.565671252E0,8.574864160E1,4.047120222E0,4.450746455E0
3.133336742E2,6.505143154E1,2.546280852E1,1.469926954E1,1.452920844E0,9.166481103E1,4.020349892E0,4.511026200E0
3.143336674E2,6.505142975E1,2.546282276E1,1.345521289E1,1.289470360E0,9.820498501E1,3.957605478E0,4.327994591E0
3.153336612E2,6.505142834E1,2.546286212E1,1.425330496E1,1.608209080E0,9.728578451E1,3.935573907E0,4.094924528E0
3.163336554E2,6.505143258E1,2.546288949E1,1.345568062E1,1.542990120E0,8.626588015E1,3.905899153E0,4.388024134E0
3.173336478E2,6.505144290E1,2.546292654E1,1.380669953E1,1.599158848E0,6.773244006E1,3.926433531E0,4.490315583E0
3.183336415E2,6.505145811E1,2.546294378E1,1.437243274E1,1.586170081E0,4.658848843E1,4.102959616E0,4.841996707E0
3.193336344E2,6.505146883E1,2.546294429E1,1.416838674E1,1.571024773E0,3.421309271E1,4.099274322E0,4.973470175E0
3.203336282E2,6.505148391E1,2.546295062E1,1.523448930E1,1.544758039E0,2.311930758E1,4.217085143E0,5.438736657E0
3.213336215E2,6.505149637E1,2.546295379E1,1.581030933E1,1.497185729E0,1.849338306E1,4.159266127E0,5.450199497E0
3.223336151E2,6.505151031E1,2.546295786E1,1.656664958E1,1.503380118E0,1.337551539E1,4.060088853E0,5.266698366E0
3.233336096E2,6.505152349E1,2.546296304E1,1.515414141E1,1.493449508E0,1.108502503E1,3.966123161E0,5.266747079E0
3.243336029E2,6.505153030E1,2.546295622E1,1.334299964E1,1.016000515E0,3.437789052E0,3.938673101E0,5.031192029E0
3.253335960E2,6.505153744E1,2.546295503E1,1.301212596E1,8.463875279E-1,1.907143819E0,3.910043247E0,4.856356003E0
3.263335897E2,6.505155614E1,2.546295273E1,1.512367663E1,1.260107881E0,3.578995997E2,3.887350584E0,5.174811306E0
3.273335830E2,6.505156763E1,2.546295148E1,1.518908624E1,1.345333595E0,3.594145757E2,3.847127832E0,5.158271282E0
3.283335768E2,6.505158313E1,2.546296373E1,1.633680999E1,1.529169644E0,5.808479624E0,3.776179539E0,5.266590871E0
3.293335708E2,6.505159683E1,2.546296567E1,1.628959534E1,1.558661347E0,4.223793373E0,3.791817578E0,5.412641550E0
3.303335643E2,6.505161035E1,2.546296520E1,1.590749567E1,1.575826723E0,2.606600536E-1,3.829800749E0,5.380991699E0
3.313335581E2,6.505162420E1,2.546296333E1,1.566902097E1,1.575264098E0,3.568343278E2,3.866467915E0,5.605376455E0
3.323335515E2,6.505163756E1,2.546296544E1,1.637093433E1,1.555235105E0,3.599380960E2,3.947598484E0,5.628053348E0
3.333335450E2,6.505164929E1,2.546296552E1,1.528850623E1,1.589301969E0,1.583942232E0,3.994819944E0,5.506400054E0
3.343335391E2,6.505165857E1,2.546294037E1,1.413862777E1,1.477428142E0,3.429257334E2,4.217136535E0,5.926679505E0
3.353335323E2,6.505167454E1,2.546293772E1,1.507898687E1,1.576306540E0,3.474457649E2,4.226805491E0,5.895099563E0
3.363335261E2,6.505168702E1,2.546294829E1,1.533538628E1,1.564943240E0,3.572717026E2,4.445830045E0,6.424346396E0
3.373335196E2,6.505170089E1,2.546296162E1,1.579727826E1,1.563598541E0,6.832401525E0,4.453709677E0,6.461470099E0
3.383335135E2,6.505171480E1,2.546296661E1,1.653764394E1,1.517402878E0,8.103573074E0,4.426215426E0,6.426412414E0
3.393335074E2,6.505172887E1,2.546297626E1,1.698361072E1,1.536297332E0,1.102563515E1,4.408624016E0,6.057721429E0
3.403335006E2,6.505174296E1,2.546298086E1,1.671405918E1,1.580060850E0,1.053477683E1,4.412760850E0,5.867901682E0
3.413334948E2,6.505175754E1,2.546298172E1,1.730598421E1,1.581534302E0,8.072336944E0,4.404866516E0,5.987454172E0
3.423334888E2,6.505177011E1,2.546297468E1,1.721910350E1,1.564743954E0,3.053393914E0,4.343138362E0,5.974640158E0
3.433334813E2,6.505178353E1,2.546296970E1,1.623031784E1,1.586214738E0,3.592000330E2,4.289646755E0,5.968398325E0
3.443334755E2,6.505179210E1,2.546297515E1,1.445221045E1,1.425982669E0,1.338851359E0,4.255286848E0,6.042206785E0
3.453334692E2,6.505180231E1,2.546298009E1,1.369155920E1,1.285234994E0,2.407256610E0,4.293543446E0,5.944397309E0
3.463334626E2,6.505181681E1,2.546297531E1,1.380148224E1,1.576291668E0,3.587433522E2,4.318601545E0,5.814729895E0
3.473334562E2,6.505183172E1,2.546297213E1,1.506440130E1,1.597845840E0,3.568564237E2,4.443446011E0,6.104032759E0
3.483334507E2,6.505184539E1,2.546297085E1,1.485229973E1,1.540723312E0,3.583859937E2,4.542673084E0,6.426971354E0
3.493334439E2,6.505185936E1,2.546297410E1,1.510633739E1,1.533223768E0,3.823076545E0,4.469224651E0,6.252406233E0
3.503334382E2,6.505187234E1,2.546296649E1,1.485443962E1,1.569606428E0,1.009395104E-2,4.521497622E0,6.392100764E0
3.513334314E2,6.505188565E1,2.546296560E1,1.482481818E1,1.566335141E0,6.006201841E-1,4.500064570E0,6.483713418E0
3.523334249E2,6.505190017E1,2.546296897E1,1.520375427E1,1.586381322E0,3.819127185E0,4.562179077E0,6.550812434E0
3.533334188E2,6.505191455E1,2.546296538E1,1.497061916E1,1.596455870E0,8.563734264E-1,4.570357122E0,6.547618745E0
3.543334125E2,6.505192749E1,2.546296518E1,1.507408615E1,1.591293476E0,1.204833795E0,4.517245144E0,6.640076968E0
3.553334068E2,6.505194026E1,2.546296822E1,1.596335757E1,1.518638018E0,3.691708840E0,4.437281457E0,6.163113562E0
3.563334006E2,6.505194854E1,2.546295890E1,1.595274046E1,1.502590803E0,3.599462078E2,4.495173089E0,6.394426442E0
3.573333943E2,6.505196290E1,2.546295516E1,1.597755084E1,1.571821055E0,3.562013500E2,4.522414662E0,6.755738140E0
3.583333884E2,6.505197625E1,2.546295649E1,1.669559265E1,1.509892877E0,2.148755049E0,4.540812543E0,6.588343571E0
3.593333818E2,6.505198503E1,2.546293844E1,1.405222462E1,1.594003938E0,3.549934180E2,4.597318209E0,6.348683000E0
3.603333756E2,6.505199779E1,2.546293755E1,1.391781641E1,1.582020231E0,3.576788358E2,4.714050812E0,6.534897740E0
3.613333694E2,6.505201209E1,2.546294181E1,1.506964233E1,1.568780117E0,1.424112688E0,4.672152012E0,6.371949118E0
3.623333635E2,6.505202408E1,2.546294564E1,1.462028288E1,1.585971896E0,4.404847277E0,4.607021102E0,6.361758558E0
3.633333572E2,6.505203407E1,2.546294137E1,1.236361467E1,1.344366243E0,5.569995856E-1,4.638750114E0,6.411674227E0
3.643333509E2,6.505204405E1,2.546293981E1,1.142222470E1,1.218051589E0,3.569616243E2,4.586406974E0,6.066714720E0
3.653333445E2,6.505206776E1,2.546293457E1,1.293631098E1,1.809588997E0,3.543007107E2,4.605100765E0,6.041154012E0
3.663333380E2,6.505207668E1,2.546294168E1,1.358387818E1,1.514782593E0,2.937662712E0,4.474845901E0,6.239198791E0
3.673333318E2,6.505209035E1,2.546294136E1,1.417884375E1,1.517440607E0,5.073475628E0,4.397147487E0,6.144870335E0
3.683333255E2,6.505210455E1,2.546294288E1,1.444100805E1,1.531302939E0,3.465182935E0,4.480760675E0,6.243407818E0
3.693333192E2,6.505211578E1,2.546293625E1,1.434076392E1,1.562849590E0,3.579542124E2,4.463298198E0,6.472396607E0
3.703333135E2,6.505212974E1,2.546294371E1,1.447195191E1,1.603656918E0,1.447257791E0,4.379492940E0,6.344385701E0
3.713333064E2,6.505213950E1,2.546294220E1,1.421303761E1,1.594363439E0,3.591647134E2,4.398092565E0,6.405863052E0
3.723333008E2,6.505215108E1,2.546293183E1,1.238157982E1,1.502791577E0,3.555886916E2,4.311783380E0,6.180894015E0
3.733332944E2,6.505216513E1,2.546293432E1,1.319582655E1,1.582900771E0,3.588236802E2,4.216178826E0,5.795565310E0
3.743332876E2,6.505217879E1,2.546293666E1,1.403636645E1,1.554595593E0,2.266919069E0,4.171599133E0,5.910321359E0
3.753332819E2,6.505219010E1,2.546294205E1,1.450502926E1,1.524060277E0,5.543136816E0,4.108487181E0,5.822013575E0
3.763332757E2,6.505220350E1,2.546293744E1,1.451815946E1,1.553638504E0,3.592201930E2,4.047027308E0,5.805745804E0
3.773332694E2,6.505221647E1,2.546294001E1,1.424198047E1,1.578075653E0,3.596903935E2,3.944675930E0,5.680127331E0
3.783332630E2,6.505222906E1,2.546294049E1,1.396105564E1,1.591785506E0,3.595418010E2,3.865065147E0,5.753316586E0
3.793332568E2,6.505224235E1,2.546294300E1,1.445616822E1,1.567410152E0,8.892889021E-1,3.771811903E0,5.523685026E0
3.803332510E2,6.505225420E1,2.546293791E1,1.343885505E1,1.547924298E0,3.569198695E2,3.699673718E0,5.489787549E0
3.813332448E2,6.505226182E1,2.546293186E1,1.174719686E1,1.319532397E0,3.516106627E2,3.647542484E0,5.280629702E0
3.823332387E2,6.505227518E1,2.546293028E1,1.173105601E1,1.493558032E0,3.517956294E2,3.565165220E0,5.348263761E0
3.833332324E2,6.505229174E1,2.546293947E1,1.338936278E1,1.512585245E0,5.212044790E0,3.511948033E0,5.431238419E0
3.843332256E2,6.505230342E1,2.546294532E1,1.379139562E1,1.502568976E0,8.354639801E0,3.457244668E0,5.296506278E0
3.853339486E2,6.505231664E1,2.546294453E1,1.395571700E1,1.540705625E0,6.335098715E0,3.444930383E0,5.180923397E0
3.863339536E2,6.505232993E1,2.546294125E1,1.379829338E1,1.569715004E0,8.463122765E-1,3.451506589E0,5.280317312E0
3.873339477E2,6.505234200E1,2.546294149E1,1.356912836E1,1.560113549E0,3.592012306E2,3.400622283E0,5.334612150E0
3.883339504E2,6.505235901E1,2.546294244E1,1.517492675E1,1.529876297E0,4.318925619E0,3.445439358E0,5.412259721E0
3.893339537E2,6.505237052E1,2.546293936E1,1.385811696E1,1.533407617E0,8.078605702E-1,3.389450077E0,5.211805333E0
3.903339458E2,6.505237867E1,2.546293128E1,1.259998365E1,1.325204502E0,3.535946809E2,3.498318458E0,5.349825558E0
3.913339460E2,6.505239264E1,2.546293111E1,1.332389746E1,1.436366930E0,3.546837084E2,3.423402483E0,5.169347937E0
3.923339468E2,6.505240497E1,2.546293068E1,1.365443040E1,1.545979086E0,3.569909409E2,3.449297442E0,5.648762675E0
3.933339384E2,6.505241828E1,2.546292946E1,1.434437585E1,1.513579697E0,3.588412388E2,3.501578869E0,5.825373069E0
3.943339385E2,6.505243136E1,2.546293207E1,1.370203529E1,1.568701514E0,2.157560090E0,3.592232449E0,5.907748816E0
3.953339418E2,6.505244378E1,2.546295357E1,1.282797839E1,1.575218649E0,2.140664957E1,3.606885364E0,5.976526675E0
3.963339341E2,6.505245269E1,2.546296283E1,1.188954632E1,1.404105777E0,2.777654655E1,3.656160013E0,5.819986049E0
3.973339334E2,6.505246051E1,2.546295237E1,1.026839669E1,1.046797302E0,1.258853230E1,3.617419636E0,5.213045590E0
3.983339338E2,6.505247612E1,2.546294003E1,1.069991242E1,1.308133935E0,3.554419949E2,3.566188682E0,4.969937971E0
3.993339275E2,6.505249087E1,2.546293249E1,1.207913868E1,1.451278155E0,3.532261873E2,3.543131052E0,5.195961027E0
4.003339192E2,6.505250188E1,2.546292680E1,1.266466852E1,1.493443462E0,3.526936337E2,3.479729942E0,5.441351329E0
4.013339112E2,6.505251578E1,2.546292700E1,1.220053474E1,1.570516138E0,3.563315110E2,3.537829687E0,5.582623121E0
4.023339024E2,6.505252997E1,2.546293007E1,1.313458529E1,1.554774893E0,8.986038453E-1,3.623458301E0,5.801709110E0
4.033338946E2,6.505254410E1,2.546292967E1,1.270940556E1,1.593883157E0,4.414356555E-1,3.585110873E0,5.606582869E0
4.043338857E2,6.505255618E1,2.546292504E1,1.203462332E1,1.512764419E0,3.568585065E2,3.549253991E0,5.460976409E0
4.053338786E2,6.505256739E1,2.546292776E1,1.185670872E1,1.439508601E0,3.591969588E2,3.483725455E0,5.463777256E0
4.063338708E2,6.505258552E1,2.546292655E1,1.343979228E1,1.600132880E0,3.599575019E2,3.422483795E0,5.338485105E0
4.073338628E2,6.505259713E1,2.546292587E1,1.405106194E1,1.489440335E0,3.596110819E2,3.371365432E0,5.299079686E0
4.083338548E2,6.505260966E1,2.546292251E1,1.386552983E1,1.518234209E0,3.583604465E2,3.368238863E0,5.274400246E0
4.093338474E2,6.505262137E1,2.546291652E1,1.323885135E1,1.547187390E0,3.552796748E2,3.340091106E0,5.130019163E0
4.103338400E2,6.505263388E1,2.546292230E1,1.407603676E1,1.492653456E0,4.989913732E-1,3.312906826E0,5.057493327E0
4.113338330E2,6.505264405E1,2.546291565E1,1.238796859E1,1.476041333E0,3.555108220E2,3.370506550E0,5.138797107E0
4.123338250E2,6.505265469E1,2.546292408E1,1.176216009E1,1.453219012E0,3.858582904E0,3.410580931E0,5.210183367E0
4.133338177E2,6.505266787E1,2.546292398E1,1.255025893E1,1.552314599E0,4.896824619E0,3.462552992E0,5.571854278E0
4.143338110E2,6.505268153E1,2.546292309E1,1.335903435E1,1.497792324E0,2.157172061E0,3.497556617E0,5.659426939E0
4.153338029E2,6.505269428E1,2.546291663E1,1.393771790E1,1.494153016E0,3.571893828E2,3.548025252E0,5.701643051E0
4.163337955E2,6.505270616E1,2.546291198E1,1.377049352E1,1.533668972E0,3.547915342E2,3.623663146E0,5.663636147E0
4.173337889E2,6.505271811E1,2.546291015E1,1.345975174E1,1.555470430E0,3.569648244E2,3.633072343E0,5.841214451E0
4.183337826E2,6.505273106E1,2.546291482E1,1.365245626E1,1.551623943E0,1.926262895E0,3.625532433E0,5.597750601E0
4.193337747E2,6.505274266E1,2.546291995E1,1.261249745E1,1.475574419E0,5.252010627E0,3.558770530E0,5.480193893E0
4.203337678E2,6.505275151E1,2.546292545E1,1.157802986E1,1.326306486E0,4.916824037E0,3.591453078E0,5.577377937E0
4.213337606E2,6.505276644E1,2.546292719E1,1.275892857E1,1.509087557E0,4.104067451E0,3.598967898E0,5.568826991E0
4.223337543E2,6.505277734E1,2.546293293E1,1.245331510E1,1.494070851E0,5.688617113E0,3.597791831E0,5.512545311E0
4.233337467E2,6.505279084E1,2.546293304E1,1.391244250E1,1.458503422E0,2.801376730E0,3.573913902E0,5.530965699E0
4.243337401E2,6.505280514E1,2.546293502E1,1.359311219E1,1.542575299E0,4.037907111E0,3.509546972E0,5.406609682E0
4.253337331E2,6.505281804E1,2.546293172E1,1.396694237E1,1.526147865E0,2.648305595E0,3.583053240E0,5.636362768E0
4.263337269E2,6.505283113E1,2.546293135E1,1.360088583E1,1.543187565E0,2.216268432E0,3.656952528E0,5.765700616E0
4.273337191E2,6.505284166E1,2.546292495E1,1.202140493E1,1.463387791E0,3.584269069E2,3.744119634E0,5.886026641E0
4.283337125E2,6.505285566E1,2.546292251E1,1.223433584E1,1.465334686E0,7.354533493E-1,3.705345733E0,5.890384700E0
4.293337059E2,6.505287062E1,2.546292522E1,1.354420647E1,1.536558989E0,2.627862160E0,3.672738924E0,5.922918532E0
4.303336995E2,6.505288262E1,2.546292643E1,1.439252425E1,1.427469626E0,1.570823977E0,3.614752769E0,5.751323088E0
4.313336928E2,6.505289803E1,2.546292433E1,1.415446408E1,1.548650976E0,1.477501773E0,3.614300665E0,5.699748956E0
4.323336859E2,6.505291263E1,2.546292570E1,1.482491844E1,1.553875828E0,3.855473024E0,3.549302003E0,5.604705814E0
4.333336799E2,6.505292669E1,2.546291884E1,1.488457489E1,1.515143565E0,1.924836061E-1,3.602550654E0,5.703539381E0
4.343336725E2,6.505294015E1,2.546291705E1,1.506765860E1,1.528601592E0,3.595544268E2,3.702449717E0,5.621344696E0
4.353336662E2,6.505295246E1,2.546291615E1,1.566388105E1,1.497657833E0,1.142933231E0,3.631957502E0,5.856701122E0
4.363336595E2,6.505296403E1,2.546292117E1,1.562920848E1,1.491242869E0,3.581447418E0,3.631957580E0,5.793037501E0
4.373336530E2,6.505297678E1,2.546292281E1,1.565111900E1,1.499757717E0,3.330653875E0,3.784030151E0,6.057882963E0
4.383336462E2,6.505299055E1,2.546291672E1,1.498375662E1,1.545891995E0,3.585476616E2,3.903651924E0,5.943099079E0
4.393336395E2,6.505300442E1,2.546291379E1,1.506396848E1,1.518067840E0,3.567524495E2,3.886454473E0,6.126012596E0
4.403336328E2,6.505301804E1,2.546291231E1,1.588018233E1,1.517411766E0,3.585860826E2,3.917580053E0,6.106617346E0
4.413336269E2,6.505302987E1,2.546290892E1,1.459405793E1,1.516166315E0,3.570415938E2,3.894134517E0,6.386177586E0
4.423336203E2,6.505303668E1,2.546290221E1,1.294536556E1,1.256261107E0,3.547403913E2,3.830292905E0,6.137320959E0
4.433336129E2,6.505305449E1,2.546290557E1,1.412726624E1,1.523493097E0,1.891013831E0,3.803351090E0,6.099590301E0
4.443336065E2,6.505306781E1,2.546290663E1,1.477686579E1,1.509012143E0,4.692599384E0,3.745892696E0,6.076304897E0
4.453336002E2,6.505308081E1,2.546290030E1,1.576390089E1,1.477986732E0,3.582821887E2,3.718252440E0,6.115229922E0
4.463335936E2,6.505309233E1,2.546290398E1,1.579993708E1,1.497048871E0,1.202616968E0,3.741421055E0,6.029698287E0
4.473335868E2,6.505310393E1,2.546291361E1,1.494808907E1,1.549539662E0,6.282796175E0,3.833174653E0,6.285894281E0
4.483335805E2,6.505311542E1,2.546291515E1,1.493495014E1,1.533322449E0,5.208360730E0,3.936005081E0,6.163917786E0
4.493335738E2,6.505313069E1,2.546291198E1,1.537231288E1,1.558132926E0,3.589950005E2,4.032912474E0,6.412921517E0
4.503335673E2,6.505314209E1,2.546290598E1,1.445711001E1,1.489073222E0,3.548973402E2,3.990511232E0,6.281595441E0
4.513335613E2,6.505315134E1,2.546290508E1,1.336878602E1,1.292961619E0,3.532666118E2,3.998306926E0,6.014189975E0
4.523335547E2,6.505316524E1,2.546290631E1,1.230061355E1,1.308878240E0,3.577461210E2,4.179938995E0,5.948480818E0
4.533335479E2,6.505317971E1,2.546290926E1,1.332238933E1,1.485100698E0,1.411900010E0,4.124786166E0,5.935243284E0
4.543335414E2,6.505319287E1,2.546291180E1,1.388462521E1,1.521477658E0,2.849114322E0,4.197369190E0,6.374975383E0
4.553335352E2,6.505320472E1,2.546291683E1,1.371165134E1,1.559501130E0,4.622101594E0,4.159946834E0,6.511450224E0
4.563335283E2,6.505321660E1,2.546292563E1,1.358207049E1,1.528383675E0,8.380621974E0,4.208613663E0,6.613950112E0
4.573335222E2,6.505322980E1,2.546292925E1,1.411066994E1,1.532409840E0,7.798761560E0,4.180690122E0,6.599299293E0
4.583335159E2,6.505324142E1,2.546292953E1,1.413074685E1,1.521842514E0,3.569564672E0,4.221404578E0,6.601919511E0
4.593335084E2,6.505325300E1,2.546293284E1,1.215868183E1,1.443590768E0,4.796511023E-1,4.179283424E0,6.561868483E0
4.603335024E2,6.505326598E1,2.546293418E1,1.227537539E1,1.447873413E0,1.002515409E-1,4.189658595E0,6.469462634E0
4.613334962E2,6.505328166E1,2.546293302E1,1.311210244E1,1.556312232E0,3.591199734E2,4.212768721E0,6.531295602E0
4.623334895E2,6.505329406E1,2.546294663E1,1.370026535E1,1.533032881E0,8.492675597E0,4.268296901E0,6.544277120E0
4.633334825E2,6.505330607E1,2.546295529E1,1.432897365E1,1.505227719E0,1.208051718E1,4.313157856E0,6.510188933E0
4.643334768E2,6.505331768E1,2.546295666E1,1.367043617E1,1.529119167E0,9.738168653E0,4.403401342E0,6.407267113E0
4.653334699E2,6.505333114E1,2.546296025E1,1.297769077E1,1.555734882E0,8.135594962E0,4.493856267E0,6.376913759E0
4.663334640E2,6.505334204E1,2.546296315E1,1.312543342E1,1.546403315E0,7.827375575E0,4.423390323E0,6.401188212E0
4.673334569E2,6.505335582E1,2.546297166E1,1.297058985E1,1.532754618E0,1.028707121E1,4.362802534E0,6.527078384E0
4.683334504E2,6.505336766E1,2.546297606E1,1.167657808E1,1.483744618E0,9.973192820E0,4.275290385E0,6.497015425E0
4.693334444E2,6.505337928E1,2.546297661E1,1.059626101E1,1.396900706E0,5.940860518E0,4.311272146E0,6.344519421E0
4.703334372E2,6.505338744E1,2.546297125E1,1.044049023E1,1.062815390E0,3.591595385E2,4.195708670E0,5.719608016E0
4.713334310E2,6.505339966E1,2.546296946E1,1.162562409E1,1.207643023E0,3.590990393E2,4.173845969E0,5.863083318E0
4.723334243E2,6.505341259E1,2.546296585E1,1.216862586E1,1.215254564E0,3.565872273E2,4.194190850E0,6.025355792E0
4.733334184E2,6.505342982E1,2.546297129E1,1.198193864E1,1.532033110E0,3.826698477E-1,4.103985527E0,6.259770756E0
4.743334121E2,6.505344165E1,2.546299001E1,1.162372818E1,1.545289539E0,1.319285731E1,4.159202058E0,6.579257409E0
4.753334051E2,6.505345520E1,2.546299813E1,1.230500934E1,1.564823397E0,1.705695767E1,4.172430233E0,6.593798293E0
4.763333985E2,6.505346883E1,2.546299902E1,1.255727515E1,1.563798103E0,1.001698051E1,4.209142141E0,6.615625232E0
4.773333925E2,6.505348190E1,2.546300001E1,1.098974973E1,1.499060942E0,4.556337777E0,4.122579690E0,6.447697684E0
4.783333863E2,6.505349366E1,2.546300977E1,1.096813341E1,1.458434706E0,1.033300001E1,4.016450690E0,6.250705434E0
4.793333797E2,6.505350753E1,2.546301881E1,1.151779510E1,1.443358245E0,1.196347003E1,3.943033455E0,5.901388857E0
4.803333726E2,6.505352187E1,2.546302221E1,1.215217791E1,1.528157268E0,9.983773893E0,3.885462684E0,5.937250537E0
4.813333672E2,6.505353369E1,2.546302492E1,1.270320688E1,1.525443350E0,8.041304588E0,3.998374999E0,6.029607324E0
4.823333597E2,6.505354666E1,2.546302773E1,1.349355236E1,1.539005805E0,7.510347113E0,3.991980166E0,5.976547525E0
4.833333540E2,6.505355975E1,2.546303227E1,1.350166841E1,1.552724387E0,9.162100238E0,3.993251164E0,6.067311363E0
4.843333470E2,6.505357218E1,2.546303364E1,1.394469002E1,1.540578568E0,6.200647098E0,4.002343975E0,5.978509109E0
4.853333410E2,6.505357736E1,2.546302888E1,1.138045619E1,1.555613517E0,4.993037211E0,4.034448108E0,5.832994822E0
4.863333341E2,6.505358948E1,2.546302922E1,1.065366131E1,1.461547635E0,1.193539703E0,3.999204557E0,5.864407592E0
4.873333281E2,6.505360338E1,2.546303376E1,1.092584743E1,1.536293657E0,2.626239222E0,3.936638814E0,5.683514320E0
4.883333209E2,6.505361640E1,2.546304439E1,1.159742433E1,1.543874457E0,8.882818053E0,3.918968805E0,5.815398231E0
4.893333154E2,6.505362931E1,2.546305285E1,1.237806728E1,1.522184961E0,1.207060866E1,3.845255647E0,5.612646955E0
4.903333085E2,6.505364329E1,2.546306114E1,1.218978423E1,1.555751512E0,1.104015403E1,3.863352689E0,5.549031985E0
4.913333025E2,6.505365567E1,2.546306620E1,1.159402773E1,1.575787702E0,1.012335809E1,3.856957171E0,5.517821476E0
4.923332955E2,6.505366781E1,2.546307139E1,1.192657987E1,1.586555054E0,9.999948647E0,3.793708040E0,5.540185066E0
4.933332895E2,6.505368118E1,2.546307750E1,1.207970247E1,1.568286466E0,1.194195422E1,3.706205005E0,5.537309514E0
4.943332827E2,6.505369183E1,2.546307469E1,1.058974314E1,1.510993859E0,6.713929304E0,3.742220355E0,5.462057801E0
4.953332760E2,6.505370450E1,2.546307597E1,1.077385419E1,1.521526695E0,6.617524784E0,3.700062860E0,5.248292464E0
4.963332697E2,6.505371825E1,2.546307553E1,1.092741908E1,1.565788023E0,4.089680591E0,3.657944344E0,5.346252564E0
4.973332634E2,6.505373134E1,2.546308240E1,1.139453769E1,1.613638983E0,5.477029358E0,3.717076453E0,5.391258307E0
4.983332571E2,6.505374306E1,2.546308812E1,1.109850696E1,1.566266772E0,7.638892849E0,3.699481906E0,5.381920375E0
4.993332511E2,6.505375459E1,2.546309405E1,1.062020276E1,1.551590463E0,1.268726233E1,3.678990630E0,5.264039389E0
5.003332434E2,6.505376666E1,2.546310468E1,1.054938991E1,1.568670330E0,1.518028893E1,3.685905694E0,5.321248362E0
5.013332374E2,6.505378034E1,2.546310669E1,1.029174288E1,1.553591239E0,1.149112073E1,3.616057025E0,5.194722381E0
5.023332307E2,6.505379383E1,2.546311443E1,1.155522705E1,1.541114566E0,1.141942227E1,3.535254239E0,5.176996045E0
5.033332247E2,6.505380570E1,2.546311821E1,1.110832844E1,1.563425290E0,1.013154788E1,3.458491513E0,5.045660557E0
5.043332181E2,6.505381688E1,2.546312763E1,1.018228092E1,1.508907232E0,1.444893221E1,3.471592948E0,5.184094313E0
5.053332119E2,6.505382815E1,2.546313323E1,9.644367991E0,1.465743225E0,1.406666734E1,3.407676942E0,5.143805247E0
5.063332047E2,6.505384358E1,2.546313713E1,1.048399366E1,1.570458756E0,1.083424601E1,3.386783845E0,5.239296240E0
5.073331989E2,6.505385591E1,2.546314137E1,1.132426088E1,1.514440650E0,8.027595863E0,3.359742599E0,5.100463952E0
5.083331926E2,6.505387016E1,2.546314193E1,1.165780182E1,1.550669798E0,5.165461855E0,3.319656511E0,4.922659694E0
5.093331853E2,6.505388204E1,2.546314489E1,1.188654487E1,1.574243117E0,2.706305362E0,3.374758479E0,5.235610268E0
5.103338823E2,6.505389546E1,2.546315404E1,1.202385812E1,1.572130203E0,7.454215101E0,3.389894316E0,5.304325627E0
5.113338852E2,6.505390900E1,2.546315981E1,1.175389312E1,1.613094977E0,6.864406995E0,3.341589399E0,5.249659240E0
5.123338782E2,6.505392175E1,2.546316416E1,1.250467307E1,1.554079026E0,7.913557464E0,3.299589682E0,5.115467956E0
5.133338788E2,6.505393555E1,2.546317188E1,1.206117237E1,1.574890566E0,1.141245642E1,3.315790242E0,5.133076476E0
5.143338827E2,6.505394640E1,2.546318238E1,1.082672514E1,1.472009755E0,1.570542690E1,3.398106908E0,5.163550971E0
5.153338758E2,6.505395668E1,2.546318409E1,9.952463459E0,1.302414133E0,1.255373174E1,3.401333319E0,5.031050471E0
5.163338777E2,6.505396747E1,2.546319186E1,9.866981634E0,1.396343227E0,1.510893937E1,3.434980210E0,5.089395130E0
5.173338780E2,6.505397701E1,2.546319620E1,9.473016356E0,1.379666874E0,1.214830581E1,3.427634238E0,5.147484582E0
5.183338717E2,6.505399048E1,2.546319003E1,1.068352397E1,1.409572086E0,3.197209560E0,3.428850343E0,4.876122844E0
5.193338729E2,6.505400246E1,2.546318413E1,1.070327406E1,1.576063736E0,3.582536734E2,3.387743710E0,5.004109908E0
5.203338754E2,6.505401370E1,2.546317189E1,1.005349689E1,1.584112293E0,3.500351821E2,3.325212257E0,4.910963136E0
5.213338689E2,6.505402276E1,2.546314946E1,9.809172638E0,1.548429099E0,3.355653064E2,3.325229705E0,4.922026602E0
5.223338708E2,6.505402908E1,2.546312093E1,1.031321387E1,1.568541070E0,3.192302163E2,3.280649137E0,4.628840650E0
5.233338728E2,6.505402719E1,2.546307801E1,9.633811529E0,1.646478865E0,2.922336411E2,3.282059270E0,4.412847174E0
5.243338661E2,6.505402415E1,2.546304530E1,9.418676766E0,1.541693925E0,2.779714578E2,3.386270923E0,4.772984729E0
5.253338583E2,6.505402657E1,2.546300869E1,9.502113890E0,1.600425428E0,2.767215030E2,3.484877706E0,4.693698038E0
5.263338499E2,6.505403210E1,2.546297293E1,9.610725420E0,1.592420950E0,2.858542278E2,3.670565394E0,4.963605508E0
5.273338416E2,6.505403591E1,2.546294172E1,1.009913654E1,1.571105819E0,2.870914613E2,3.790203904E0,4.852379349E0
5.283338336E2,6.505403473E1,2.546290589E1,9.938626628E0,1.550115549E0,2.817262525E2,3.938650609E0,4.469008646E0
5.293338250E2,6.505403143E1,2.546286905E1,1.037635377E1,1.537947936E0,2.737807872E2,4.036563494E0,4.428456788E0
5.303338182E2,6.505402991E1,2.546283957E1,1.086131561E1,1.492492863E0,2.688253118E2,4.206272657E0,4.864309186E0
5.313338099E2,6.505402556E1,2.546280271E1,1.131448849E1,1.525836506E0,2.643653920E2,4.182001555E0,4.789321881E0
5.323338017E2,6.505402340E1,2.546276369E1,1.039287183E1,1.581249622E0,2.649192078E2,4.519111439E0,5.108846881E0
5.333337941E2,6.505402177E1,2.546272613E1,1.086269641E1,1.596952969E0,2.649028310E2,4.680602241E0,5.324730582E0
5.343337866E2,6.505401779E1,2.546269188E1,1.076007489E1,1.586761425E0,2.628451474E2,4.747317724E0,5.410661021E0
5.353337796E2,6.505401516E1,2.546265572E1,1.042186112E1,1.576001184E0,2.615522435E2,4.718584087E0,5.275252504E0
5.363337716E2,6.505401236E1,2.546263164E1,9.182690419E0,1.339591535E0,2.596783707E2,4.701399994E0,5.440163279E0
5.373337646E2,6.505401157E1,2.546259339E1,9.730828773E0,1.532414471E0,2.646128711E2,4.760065413E0,5.723948211E0
5.383337574E2,6.505400628E1,2.546256095E1,9.729768391E0,1.568582651E0,2.563816678E2,4.682642487E0,5.910848570E0
5.393337499E2,6.505400618E1,2.546252716E1,1.029122428E1,1.550066888E0,2.620784757E2,4.577325142E0,5.689135278E0
5.403337430E2,6.505401086E1,2.546249208E1,1.027462594E1,1.590284465E0,2.763407342E2,4.529796610E0,5.597641354E0
5.413337352E2,6.505401818E1,2.546246579E1,1.018556177E1,1.581428254E0,2.873735501E2,4.447056238E0,5.486593199E0
5.423337278E2,6.505402829E1,2.546244670E1,9.324127875E0,1.533307659E0,3.006140257E2,4.335044887E0,5.060710721E0
5.433337218E2,6.505404205E1,2.546243659E1,9.348224738E0,1.567118191E0,3.191367232E2,4.222849243E0,4.904420824E0
5.443337144E2,6.505405291E1,2.546243230E1,8.865681755E0,1.487765223E0,3.340053220E2,4.208305856E0,4.920923077E0
5.453337070E2,6.505406448E1,2.546241946E1,9.314680064E0,1.550818115E0,3.342064380E2,4.139384339E0,4.953384128E0
5.463336998E2,6.505407479E1,2.546240612E1,9.292741388E0,1.548768523E0,3.296206846E2,4.192937389E0,5.058249314E0
5.473336924E2,6.505408799E1,2.546240045E1,9.886422792E0,1.568571831E0,3.320177998E2,4.206941599E0,5.016719095E0
5.483336865E2,6.505410111E1,2.546239391E1,9.884868458E0,1.576437273E0,3.380339419E2,4.151271051E0,5.146312600E0
5.493336792E2,6.505411501E1,2.546239012E1,1.012248469E1,1.556113381E0,3.440369380E2,4.063137202E0,5.135070977E0
5.503336725E2,6.505412844E1,2.546238219E1,1.061909163E1,1.548674046E0,3.449315439E2,4.077226333E0,5.269927622E0
5.513336654E2,6.505413995E1,2.546236934E1,1.056742236E1,1.549127309E0,3.422369205E2,4.040990039E0,5.350839615E0
5.523336585E2,6.505415278E1,2.546235680E1,1.072142721E1,1.546020693E0,3.395517114E2,4.082205572E0,5.532529923E0
5.533336517E2,6.505415959E1,2.546234211E1,9.246080212E0,1.412940892E0,3.332141477E2,4.156793955E0,5.449994602E0
5.543336452E2,6.505416286E1,2.546233091E1,6.886901903E0,9.493108471E-1,3.254783411E2,4.138055740E0,5.036136637E0
5.553336383E2,6.505417589E1,2.546231945E1,6.896312473E0,1.341544783E0,3.295486483E2,4.160535035E0,4.280772896E0
5.563336315E2,6.505418771E1,2.546230492E1,6.771117929E0,1.499373975E0,3.321674729E2,4.284045647E0,4.941339546E0
5.573336244E2,6.505420031E1,2.546229079E1,7.028269400E0,1.559378803E0,3.344615847E2,4.448819081E0,5.643334959E0
5.583336185E2,6.505421291E1,2.546227607E1,7.605447439E0,1.560382458E0,3.339924259E2,4.384666608E0,5.710374139E0
5.593336107E2,6.505422626E1,2.546227310E1,8.620724003E0,1.496548812E0,3.418750374E2,4.323239991E0,5.530449334E0
5.603336039E2,6.505423826E1,2.546226414E1,9.214907081E0,1.494517679E0,3.434533368E2,4.317898942E0,5.260503283E0
5.613335978E2,6.505425202E1,2.546225005E1,8.413915548E0,1.545915643E0,3.422938733E2,4.314098924E0,5.320773129E0
5.623335912E2,6.505426292E1,2.546223525E1,8.328441354E0,1.521714783E0,3.410194577E2,4.416429287E0,5.500597020E0
5.633335836E2,6.505427362E1,2.546223227E1,8.243314613E0,1.303745439E0,3.480634034E2,4.472364428E0,5.565497729E0
5.643335770E2,6.505428274E1,2.546223243E1,7.589788198E0,1.111165905E0,3.506143011E2,4.539210393E0,5.530619444E0
5.653335706E2,6.505429132E1,2.546222081E1,7.439910830E0,8.901901704E-1,3.433430063E2,4.658901144E0,5.127375436E0
5.663335643E2,6.505429099E1,2.546221067E1,7.625945342E0,5.371457873E-1,3.242575003E2,4.668206763E0,4.612119276E0
5.673335572E2,6.505429002E1,2.546221332E1,7.972602908E0,1.040026471E-1,3.170183688E2,4.826047918E0,4.344947933E0
5.683335512E2,6.505429211E1,2.546218492E1,8.475965469E0,4.372468862E-1,3.064358324E2,4.876818188E0,5.154530499E0
5.693335444E2,6.505429533E1,2.546218392E1,9.587343218E0,6.459189581E-2,3.002411565E2,4.837219370E0,5.206229935E0